{
  "project_info": {
    "project_number": "3691612267",
    "project_id": "matrixtimetracker-1a8f2",
    "storage_bucket": "matrixtimetracker-1a8f2.appspot.com"
  },
  "client": [
    {
      "client_info": {
        "mobilesdk_app_id": "1:3691612267:android:9be525ba9d1f033d16892e",
        "android_client_info": {
          "package_name": "com.example.matrixtimetracker"
        }
      },
      "oauth_client": [],
      "api_key": [
        {
          "current_key": "AIzaSyCZppW-hYi25u6HASJBJFxx-u8nctrpDzY"
        }
      ],
      "services": {
        "appinvite_service": {
          "other_platform_oauth_client": []
        }
      }
    }
  ],
  "configuration_version": "1"
}