{
  "project_info": {
    "project_number": "805627041272",
    "project_id": "matrixtimetracker-bf31a",
    "storage_bucket": "matrixtimetracker-bf31a.appspot.com"
  },
  "client": [
    {
      "client_info": {
        "mobilesdk_app_id": "1:805627041272:android:2ee1bdc5a323460e29720d",
        "android_client_info": {
          "package_name": "com.example.matrixtimetracker"
        }
      },
      "oauth_client": [],
      "api_key": [
        {
          "current_key": "AIzaSyBDzxQeThCrV_DidCE6N7bcMxRCrjLDH5k"
        }
      ],
      "services": {
        "appinvite_service": {
          "other_platform_oauth_client": []
        }
      }
    }
  ],
  "configuration_version": "1"
}